loan_id,customer_id,issue_date,loan_amount,term_months,interest_rate,loan_status
1001,C00001,2021-04-13,9324,36,13.88,Closed
1002,C00002,2022-03-12,15787,24,20.68,Active
1003,C00003,2023-05-11,14111,48,18.36,Active
1004,C00004,2021-09-28,43110,24,10.68,Active
1005,C00005,2021-04-17,21389,12,16.59,Charged_Off
1006,C00006,2021-03-13,46427,12,14.1,Active
1007,C00007,2022-12-02,19043,24,16.08,Active
1008,C00008,2021-01-21,33746,48,18.33,Active
1009,C00009,2022-09-07,27350,48,19.29,Closed
1010,C00010,2021-05-02,46605,48,19.81,Closed
1011,C00011,2022-04-12,5117,12,11.56,Active
1012,C00012,2021-08-03,23935,24,8.44,Active
1013,C00013,2021-11-27,18234,36,18.35,Closed
1014,C00014,2022-04-04,43328,12,9.49,Active
1015,C00015,2021-03-29,5846,48,12.41,Active
1016,C00016,2022-01-08,15954,24,8.05,Closed
1017,C00017,2021-04-10,18703,48,17.54,Closed
1018,C00018,2023-05-22,27700,36,10.34,Active
1019,C00019,2022-10-26,37043,48,17.17,Closed
1020,C00020,2021-05-11,11469,48,21.88,Closed
1021,C00021,2022-10-24,35105,36,9.02,Active
1022,C00022,2021-11-05,47101,24,9.08,Charged_Off
1023,C00023,2023-02-09,31386,12,12.77,Closed
1024,C00024,2021-12-10,41976,24,20.13,Closed
1025,C00025,2022-05-07,44051,36,11.02,Closed
1026,C00026,2022-02-18,7048,48,13.05,Active
1027,C00027,2023-03-17,44001,24,8.96,Active
1028,C00028,2022-01-21,17941,12,18.68,Active
1029,C00029,2021-07-11,47533,36,13.72,Active
1030,C00030,2021-10-04,6828,24,18.63,Active
1031,C00031,2021-06-10,6917,12,20.65,Closed
1032,C00032,2022-04-05,25618,36,11.26,Closed
1033,C00033,2021-11-10,37254,12,19.3,Closed
1034,C00034,2021-01-22,44756,36,8.83,Closed
1035,C00035,2021-09-10,25128,48,20.58,Closed
1036,C00036,2023-01-18,5009,24,17.11,Active
1037,C00037,2023-05-07,21644,12,20.24,Active
1038,C00038,2022-07-15,27422,36,8.0,Active
1039,C00039,2022-04-20,14865,12,10.37,Closed
1040,C00040,2021-02-28,7219,12,13.46,Active
1041,C00041,2022-05-26,44809,24,13.31,Closed
1042,C00042,2022-11-13,10287,48,11.17,Active
1043,C00043,2022-04-21,39387,12,13.34,Closed
1044,C00044,2022-12-01,13512,36,9.8,Closed
1045,C00045,2023-02-22,6342,36,13.78,Closed
1046,C00046,2021-07-09,48336,48,19.23,Charged_Off
1047,C00047,2022-11-18,24216,36,14.71,Closed
1048,C00048,2022-07-17,32534,48,8.25,Charged_Off
1049,C00049,2023-05-26,19231,36,13.9,Charged_Off
1050,C00050,2022-07-21,37293,24,8.38,Closed
1051,C00051,2021-09-01,31614,12,21.53,Closed
1052,C00052,2023-04-12,41258,24,9.78,Active
1053,C00053,2022-05-20,33253,12,17.91,Active
1054,C00054,2021-05-11,47078,12,21.62,Closed
1055,C00055,2022-04-30,45752,12,19.56,Active
1056,C00056,2023-03-30,22988,24,17.79,Active
1057,C00057,2022-10-09,36037,12,19.75,Charged_Off
1058,C00058,2021-01-21,17219,24,21.75,Closed
1059,C00059,2023-04-21,5235,48,16.7,Closed
1060,C00060,2021-06-16,47929,36,15.83,Active
1061,C00061,2021-10-01,6908,36,16.8,Active
1062,C00062,2022-01-23,13567,12,15.46,Active
1063,C00063,2022-08-24,41298,24,16.89,Active
1064,C00064,2021-11-12,10256,36,14.3,Active
1065,C00065,2021-01-14,24019,24,11.06,Active
1066,C00066,2021-08-30,13162,24,9.68,Charged_Off
1067,C00067,2023-02-16,10415,12,8.96,Closed
1068,C00068,2021-12-12,41159,36,11.69,Active
1069,C00069,2022-07-19,48925,12,8.65,Active
1070,C00070,2023-06-17,10951,12,15.94,Active
1071,C00071,2021-12-06,26852,36,11.97,Active
1072,C00072,2021-04-02,13007,36,19.54,Charged_Off
1073,C00073,2022-01-02,46832,48,9.04,Active
1074,C00074,2022-03-31,35523,48,11.17,Active
1075,C00075,2022-03-04,28325,24,18.22,Active
1076,C00076,2022-05-24,26204,36,16.38,Active
1077,C00077,2023-02-15,20524,48,8.9,Closed
1078,C00078,2021-02-04,24282,24,20.28,Closed
1079,C00079,2021-07-25,28930,24,20.28,Closed
1080,C00080,2021-03-22,5077,24,12.63,Active
1081,C00081,2022-07-16,45345,48,12.77,Closed
1082,C00082,2023-05-22,25611,36,21.85,Closed
1083,C00083,2022-01-23,21984,12,16.77,Closed
1084,C00084,2021-01-02,19060,24,15.44,Active
1085,C00085,2022-01-25,22449,48,19.73,Active
1086,C00086,2022-07-20,23520,48,11.99,Closed
1087,C00087,2021-04-16,48303,12,14.01,Closed
1088,C00088,2023-02-11,14510,12,11.75,Active
1089,C00089,2023-04-02,34287,48,19.05,Active
1090,C00090,2022-04-22,33173,36,16.03,Active
1091,C00091,2022-12-04,44711,12,17.22,Closed
1092,C00092,2022-02-06,16954,48,11.53,Active
1093,C00093,2022-12-31,12804,12,11.08,Charged_Off
1094,C00094,2022-07-10,11565,36,14.84,Active
1095,C00095,2021-06-11,10984,24,18.33,Charged_Off
1096,C00096,2021-07-21,26526,12,15.35,Closed
1097,C00097,2021-09-27,42438,36,8.46,Active
1098,C00098,2023-05-13,23574,48,20.16,Closed
1099,C00099,2023-03-27,14184,12,8.91,Active
1100,C00100,2021-09-28,24096,12,21.38,Charged_Off
1101,C00101,2022-04-01,7192,48,8.35,Closed
1102,C00102,2022-04-07,39016,24,17.72,Active
1103,C00103,2022-12-28,16246,48,9.15,Closed
1104,C00104,2021-09-09,23381,12,20.75,Charged_Off
1105,C00105,2022-12-03,41455,48,14.5,Active
1106,C00106,2021-10-23,31727,36,9.93,Closed
1107,C00107,2022-12-26,9018,48,12.77,Closed
1108,C00108,2022-12-21,16302,12,10.31,Closed
1109,C00109,2023-01-19,6970,48,10.39,Active
1110,C00110,2021-12-04,46157,24,21.27,Active
1111,C00111,2023-05-29,32202,48,14.23,Active
1112,C00112,2021-02-22,36110,24,19.04,Closed
1113,C00113,2023-03-03,22586,36,16.95,Active
1114,C00114,2021-08-05,29519,24,17.47,Charged_Off
1115,C00115,2023-02-03,36273,48,9.84,Active
1116,C00116,2021-07-07,26951,12,11.28,Closed
1117,C00117,2022-01-15,20374,24,19.01,Active
1118,C00118,2022-05-08,10788,36,21.59,Active
1119,C00119,2021-02-10,10408,24,11.68,Active
1120,C00120,2021-06-06,30053,24,11.8,Active
1121,C00121,2021-01-15,14446,24,14.62,Closed
1122,C00122,2023-03-24,5922,36,21.77,Charged_Off
1123,C00123,2021-03-06,38187,48,11.77,Closed
1124,C00124,2023-05-07,15789,24,13.7,Charged_Off
1125,C00125,2023-04-19,37184,24,20.48,Closed
1126,C00126,2022-06-05,6120,12,8.04,Closed
1127,C00127,2021-12-10,49028,36,8.56,Closed
1128,C00128,2021-05-09,37154,24,16.46,Closed
1129,C00129,2022-10-10,22334,36,20.7,Active
1130,C00130,2022-04-17,7336,24,11.34,Closed
1131,C00131,2021-03-04,43141,48,14.57,Active
1132,C00132,2021-05-19,7243,48,14.31,Closed
1133,C00133,2022-05-14,24029,24,14.62,Closed
1134,C00134,2022-08-16,37265,48,16.72,Active
1135,C00135,2022-01-27,42380,24,14.58,Active
1136,C00136,2022-11-06,48872,48,14.26,Charged_Off
1137,C00137,2022-02-23,28710,12,14.64,Closed
1138,C00138,2021-10-16,34486,12,16.27,Active
1139,C00139,2022-01-14,11371,12,15.52,Closed
1140,C00140,2023-02-12,11359,36,19.96,Closed
1141,C00141,2022-05-05,45631,36,8.69,Active
1142,C00142,2021-08-19,40996,12,19.67,Charged_Off
1143,C00143,2021-02-10,25103,36,19.81,Closed
1144,C00144,2021-01-28,19382,48,11.99,Active
1145,C00145,2021-05-15,23755,24,14.48,Closed
1146,C00146,2021-07-20,40659,24,14.14,Closed
1147,C00147,2023-04-20,8756,24,11.06,Active
1148,C00148,2023-02-19,25609,12,13.56,Active
1149,C00149,2021-02-02,21478,36,8.62,Active
1150,C00150,2021-02-17,40442,48,11.89,Closed
1151,C00151,2022-05-18,44666,48,19.43,Closed
1152,C00152,2022-02-11,15147,12,11.98,Closed
1153,C00153,2022-07-28,38561,48,19.45,Charged_Off
1154,C00154,2022-12-29,39884,48,15.44,Closed
1155,C00155,2023-03-16,10779,48,20.32,Active
1156,C00156,2021-04-09,17298,48,16.05,Active
1157,C00157,2022-11-15,19153,36,8.42,Active
1158,C00158,2023-05-22,48879,48,17.46,Active
1159,C00159,2022-12-27,15789,24,8.63,Closed
1160,C00160,2022-07-01,49165,12,14.31,Closed
1161,C00161,2023-01-09,17999,36,21.01,Active
1162,C00162,2022-09-05,5814,48,10.31,Closed
1163,C00163,2022-04-07,15541,36,13.46,Closed
1164,C00164,2022-10-05,29938,48,18.22,Active
1165,C00165,2023-02-08,7443,24,20.35,Active
1166,C00166,2021-01-05,15457,12,17.39,Active
1167,C00167,2021-08-06,15380,48,11.61,Active
1168,C00168,2022-05-18,12783,48,17.44,Charged_Off
1169,C00169,2023-02-06,49241,48,12.15,Active
1170,C00170,2022-02-02,22368,48,18.06,Active
1171,C00171,2023-05-21,20328,12,21.36,Active
1172,C00172,2023-03-06,31215,12,18.1,Charged_Off
1173,C00173,2022-01-28,38595,24,20.08,Active
1174,C00174,2021-07-26,32306,12,8.03,Active
1175,C00175,2021-01-15,24915,48,18.05,Active
1176,C00176,2023-05-08,44915,24,19.61,Active
1177,C00177,2022-07-08,42219,24,8.57,Active
1178,C00178,2023-06-11,20343,24,20.2,Closed
1179,C00179,2022-04-06,43727,48,11.59,Active
1180,C00180,2022-11-22,5126,36,17.31,Active
1181,C00181,2022-07-29,32632,48,19.2,Closed
1182,C00182,2023-05-14,46563,12,17.28,Active
1183,C00183,2023-01-13,49409,12,9.29,Active
1184,C00184,2021-08-29,25530,48,16.35,Active
1185,C00185,2022-07-18,44964,48,15.69,Charged_Off
1186,C00186,2021-04-06,49327,24,20.6,Active
1187,C00187,2023-06-19,8368,48,13.66,Closed
1188,C00188,2023-01-04,8797,24,12.5,Closed
1189,C00189,2022-04-30,18718,12,18.5,Active
1190,C00190,2022-02-11,39560,24,13.78,Charged_Off
1191,C00191,2021-08-19,16053,48,17.05,Active
1192,C00192,2023-01-19,27116,12,17.05,Active
1193,C00193,2022-10-17,41244,36,20.43,Closed
1194,C00194,2021-06-20,41185,24,16.38,Closed
1195,C00195,2022-06-25,6645,12,15.03,Closed
1196,C00196,2021-02-05,24256,24,9.94,Active
1197,C00197,2022-06-09,40840,12,9.62,Active
1198,C00198,2021-06-09,39622,12,10.16,Closed
1199,C00199,2023-04-19,42430,24,10.41,Active
1200,C00200,2022-11-30,44282,36,16.93,Active
1201,C00201,2021-08-31,7708,12,18.37,Active
1202,C00202,2021-03-27,16694,12,15.42,Active
1203,C00203,2023-03-07,14524,12,19.61,Closed
1204,C00204,2022-08-01,36880,36,21.88,Active
1205,C00205,2022-11-13,44224,36,19.48,Charged_Off
1206,C00206,2022-07-11,41980,48,17.73,Active
1207,C00207,2022-07-28,37409,24,15.45,Closed
1208,C00208,2022-10-08,18224,36,14.28,Active
1209,C00209,2023-03-07,45738,24,9.18,Active
1210,C00210,2021-01-28,30150,48,13.59,Active
1211,C00211,2022-09-12,39393,24,20.74,Active
1212,C00212,2022-07-10,48082,36,19.31,Active
1213,C00213,2021-12-06,12973,24,11.02,Charged_Off
1214,C00214,2023-03-09,13577,36,14.53,Closed
1215,C00215,2021-11-27,13070,24,19.43,Active
1216,C00216,2022-10-02,13666,36,8.94,Active
1217,C00217,2022-05-21,41368,36,13.42,Active
1218,C00218,2021-12-14,11783,24,19.93,Closed
1219,C00219,2022-04-18,46914,48,13.65,Closed
1220,C00220,2021-08-19,9971,12,9.09,Charged_Off
1221,C00221,2021-07-09,18490,48,15.6,Active
1222,C00222,2021-08-13,6990,24,20.06,Active
1223,C00223,2022-01-20,10299,48,16.26,Active
1224,C00224,2022-01-12,24956,36,11.17,Closed
1225,C00225,2021-10-10,27359,12,13.38,Closed
1226,C00226,2022-09-25,42148,24,14.3,Closed
1227,C00227,2022-09-20,33734,24,16.11,Closed
1228,C00228,2023-01-15,9757,24,18.63,Active
1229,C00229,2021-09-16,24097,12,9.38,Closed
1230,C00230,2021-12-25,15395,36,20.46,Active
1231,C00231,2022-12-11,21241,24,8.17,Closed
1232,C00232,2022-04-01,43356,48,13.18,Active
1233,C00233,2022-02-15,32696,24,8.38,Active
1234,C00234,2022-10-11,9944,24,13.5,Charged_Off
1235,C00235,2021-11-14,24816,24,15.36,Closed
1236,C00236,2022-11-08,42011,24,15.16,Closed
1237,C00237,2021-08-13,29917,36,10.32,Active
1238,C00238,2023-03-30,36195,48,17.04,Closed
1239,C00239,2021-08-22,26566,36,8.63,Active
1240,C00240,2022-11-15,14916,48,18.67,Closed
1241,C00241,2022-10-26,25806,24,21.25,Active
1242,C00242,2023-04-07,14984,12,12.76,Charged_Off
1243,C00243,2022-01-09,6759,36,15.24,Charged_Off
1244,C00244,2022-11-03,46949,12,13.3,Closed
1245,C00245,2022-08-31,31838,36,8.09,Active
1246,C00246,2022-04-17,7482,24,13.4,Active
1247,C00247,2021-08-21,29442,36,19.08,Closed
1248,C00248,2022-11-23,38719,24,16.34,Active
1249,C00249,2021-04-23,32965,36,9.42,Closed
1250,C00250,2023-04-10,7079,24,19.86,Active
1251,C00251,2022-05-12,7717,24,15.44,Active
1252,C00252,2022-03-18,32952,48,19.78,Charged_Off
1253,C00253,2022-07-18,25908,24,16.12,Closed
1254,C00254,2021-09-25,47460,48,15.84,Closed
1255,C00255,2022-05-25,29861,24,9.47,Closed
1256,C00256,2023-03-18,12311,12,10.34,Active
1257,C00257,2022-01-21,33071,24,21.61,Closed
1258,C00258,2022-01-22,28570,12,11.2,Active
1259,C00259,2021-04-23,23449,12,21.68,Charged_Off
1260,C00260,2022-09-05,38536,24,15.45,Closed
1261,C00261,2022-09-17,43258,12,9.9,Active
1262,C00262,2021-03-22,33865,48,9.39,Closed
1263,C00263,2022-11-30,11645,36,10.92,Closed
1264,C00264,2021-04-23,43000,24,20.96,Active
1265,C00265,2021-01-02,31737,12,13.8,Charged_Off
1266,C00266,2022-10-04,16485,24,13.54,Active
1267,C00267,2021-08-08,43565,48,12.38,Active
1268,C00268,2022-07-20,30522,24,10.06,Active
1269,C00269,2023-05-05,17342,24,14.83,Active
1270,C00270,2023-01-06,45806,12,9.82,Closed
1271,C00271,2021-08-13,18087,48,19.7,Closed
1272,C00272,2022-01-20,42641,36,13.19,Closed
1273,C00273,2022-02-07,39249,36,13.25,Closed
1274,C00274,2022-09-30,15093,12,14.64,Active
1275,C00275,2021-05-10,21438,24,14.22,Active
1276,C00276,2021-02-22,45411,12,21.93,Active
1277,C00277,2022-11-15,31399,12,15.64,Active
1278,C00278,2022-12-31,24846,12,9.23,Closed
1279,C00279,2022-11-03,20708,24,16.5,Active
1280,C00280,2022-12-11,49039,48,10.12,Active
1281,C00281,2022-02-20,15998,12,8.43,Active
1282,C00282,2021-09-04,35678,24,21.59,Charged_Off
1283,C00283,2023-04-16,15682,48,18.83,Charged_Off
1284,C00284,2022-03-15,13519,12,21.72,Closed
1285,C00285,2021-07-22,36480,36,14.69,Charged_Off
1286,C00286,2021-07-03,24694,48,15.45,Closed
1287,C00287,2021-05-03,8300,12,10.36,Closed
1288,C00288,2022-02-05,11722,48,11.46,Active
1289,C00289,2023-02-06,44986,48,19.74,Closed
1290,C00290,2021-10-21,29160,48,12.99,Closed
1291,C00291,2021-10-07,25059,48,19.58,Closed
1292,C00292,2023-04-17,40822,48,17.93,Closed
1293,C00293,2023-06-03,18575,48,10.48,Active
1294,C00294,2022-09-02,12970,12,15.1,Closed
1295,C00295,2021-07-17,39911,36,17.48,Charged_Off
1296,C00296,2022-05-26,26591,24,11.29,Active
1297,C00297,2023-01-22,36821,48,19.63,Closed
1298,C00298,2021-05-24,14503,24,15.63,Active
1299,C00299,2022-09-01,23922,12,10.31,Closed
1300,C00300,2021-07-20,17175,48,16.16,Closed
1301,C00301,2021-05-04,46124,36,22.0,Active
1302,C00302,2021-07-06,26389,24,10.11,Closed
1303,C00303,2021-11-22,5822,48,19.43,Active
1304,C00304,2022-04-09,22327,12,10.9,Closed
1305,C00305,2021-12-15,11150,36,18.95,Active
1306,C00306,2023-02-10,9425,24,18.28,Closed
1307,C00307,2022-10-22,21032,24,12.21,Active
1308,C00308,2023-02-03,7198,48,12.56,Closed
1309,C00309,2022-02-07,25079,36,19.1,Active
1310,C00310,2021-12-12,41220,36,14.46,Closed
1311,C00311,2022-05-26,46874,36,18.23,Charged_Off
1312,C00312,2021-05-27,18859,36,10.07,Charged_Off
1313,C00313,2021-05-28,36419,12,19.94,Closed
1314,C00314,2023-05-14,13705,36,17.95,Closed
1315,C00315,2022-12-12,47880,24,20.7,Active
1316,C00316,2023-03-31,28236,24,9.85,Active
1317,C00317,2022-05-04,27419,12,16.3,Active
1318,C00318,2022-10-02,24978,24,16.39,Closed
1319,C00319,2022-07-05,42609,24,12.95,Charged_Off
1320,C00320,2021-12-04,20358,36,14.42,Active
1321,C00321,2023-05-22,39177,24,8.53,Charged_Off
1322,C00322,2022-10-03,34378,12,18.44,Closed
1323,C00323,2023-02-18,42334,36,15.69,Closed
1324,C00324,2022-04-18,16382,48,8.81,Active
1325,C00325,2021-05-31,19596,36,17.53,Active
1326,C00326,2022-02-19,38572,12,14.53,Closed
1327,C00327,2021-10-25,18221,36,8.48,Closed
1328,C00328,2022-09-03,6279,36,21.57,Active
1329,C00329,2021-09-20,12083,12,21.29,Closed
1330,C00330,2023-02-03,48861,36,15.18,Closed
1331,C00331,2021-05-24,22771,12,9.31,Closed
1332,C00332,2021-12-12,34975,12,18.56,Charged_Off
1333,C00333,2022-09-16,24063,48,14.89,Active
1334,C00334,2022-07-26,7106,24,12.23,Active
1335,C00335,2023-05-31,29557,24,14.88,Closed
1336,C00336,2021-01-02,25607,36,15.31,Active
1337,C00337,2023-06-16,42599,36,15.88,Active
1338,C00338,2021-10-31,33529,48,14.18,Active
1339,C00339,2021-09-11,40954,48,16.48,Active
1340,C00340,2022-10-14,32856,48,20.86,Active
1341,C00341,2022-03-29,7573,12,13.07,Active
1342,C00342,2021-02-06,17808,48,18.16,Active
1343,C00343,2021-06-09,40367,48,20.52,Active
1344,C00344,2021-01-09,41801,36,14.38,Closed
1345,C00345,2021-08-21,46196,48,14.21,Closed
1346,C00346,2021-04-09,39072,12,16.43,Closed
1347,C00347,2022-10-21,28752,12,16.28,Active
1348,C00348,2023-03-27,22685,36,19.29,Active
1349,C00349,2021-07-27,46401,48,14.67,Closed
1350,C00350,2021-05-11,16372,48,21.95,Closed
1351,C00351,2022-02-08,13996,12,8.83,Active
1352,C00352,2021-06-01,21458,48,8.04,Active
1353,C00353,2021-02-23,36889,48,16.96,Charged_Off
1354,C00354,2021-04-30,31665,48,12.18,Active
1355,C00355,2022-11-04,43243,24,11.37,Active
1356,C00356,2022-09-20,36653,36,12.37,Closed
1357,C00357,2022-08-10,31657,24,11.58,Active
1358,C00358,2022-09-17,44952,36,8.43,Active
1359,C00359,2022-02-24,27180,12,21.6,Active
1360,C00360,2022-02-26,36896,48,11.09,Closed
1361,C00361,2021-04-14,17875,36,18.28,Active
1362,C00362,2023-05-02,6622,24,18.68,Active
1363,C00363,2021-09-11,45809,48,21.01,Active
1364,C00364,2021-08-15,21725,12,8.43,Closed
1365,C00365,2021-04-22,45760,36,20.21,Active
1366,C00366,2022-05-25,20646,36,15.38,Charged_Off
1367,C00367,2022-04-18,22029,36,16.86,Active
1368,C00368,2021-04-09,34402,48,17.02,Charged_Off
1369,C00369,2021-06-02,9263,24,19.48,Charged_Off
1370,C00370,2023-05-11,35987,24,12.67,Active
1371,C00371,2023-06-15,13646,36,18.26,Active
1372,C00372,2023-05-28,32529,12,15.4,Active
1373,C00373,2021-12-04,16664,12,19.11,Active
1374,C00374,2022-12-07,40737,24,21.87,Closed
1375,C00375,2023-04-02,40796,12,10.81,Active
1376,C00376,2021-06-12,29027,24,21.93,Active
1377,C00377,2022-12-21,34373,36,9.26,Active
1378,C00378,2022-11-12,41397,24,8.03,Charged_Off
1379,C00379,2021-06-10,25609,24,8.62,Active
1380,C00380,2022-08-03,40835,36,12.78,Active
1381,C00381,2023-03-12,43709,12,16.86,Active
1382,C00382,2022-02-02,24250,24,8.97,Charged_Off
1383,C00383,2021-10-04,26172,24,8.08,Closed
1384,C00384,2023-03-27,16555,36,21.12,Active
1385,C00385,2022-05-19,26874,12,19.51,Active
1386,C00386,2023-06-15,18081,24,19.33,Active
1387,C00387,2022-01-27,29063,36,20.38,Active
1388,C00388,2021-05-15,11819,24,17.8,Charged_Off
1389,C00389,2021-07-14,30712,48,9.46,Closed
1390,C00390,2022-02-05,29762,36,13.59,Active
1391,C00391,2022-10-02,16046,12,18.12,Closed
1392,C00392,2021-02-02,36463,12,11.92,Active
1393,C00393,2022-11-19,33769,12,17.62,Closed
1394,C00394,2022-04-05,28150,12,8.34,Closed
1395,C00395,2023-06-02,7711,24,12.29,Active
1396,C00396,2022-04-15,9853,24,15.69,Closed
1397,C00397,2022-01-10,34077,12,16.85,Active
1398,C00398,2021-01-22,28863,12,16.08,Active
1399,C00399,2023-01-20,26792,12,17.77,Active
1400,C00400,2022-11-01,45483,24,8.09,Active
1401,C00401,2021-02-07,13942,12,9.41,Closed
1402,C00402,2021-08-18,6762,12,20.17,Charged_Off
1403,C00403,2021-12-31,36987,48,17.54,Closed
1404,C00404,2022-07-17,20850,48,9.58,Closed
1405,C00405,2022-03-14,17112,12,19.79,Closed
1406,C00406,2023-02-15,29058,36,11.39,Active
1407,C00407,2021-10-10,43890,12,14.7,Active
1408,C00408,2021-01-27,5481,48,10.03,Active
1409,C00409,2021-08-14,37921,36,17.94,Closed
1410,C00410,2021-10-04,45385,36,17.34,Charged_Off
1411,C00411,2023-03-09,6524,12,10.96,Active
1412,C00412,2022-09-01,39888,48,20.09,Closed
1413,C00413,2021-10-11,20048,48,13.62,Closed
1414,C00414,2023-05-29,40111,36,12.1,Closed
1415,C00415,2022-04-26,42904,12,10.13,Active
1416,C00416,2022-03-29,39008,24,11.73,Active
1417,C00417,2023-04-09,5060,24,8.31,Active
1418,C00418,2023-03-27,14130,48,16.17,Active
1419,C00419,2022-10-21,23023,24,19.79,Active
1420,C00420,2022-05-31,18350,48,15.69,Closed
1421,C00421,2022-07-01,29354,48,11.07,Active
1422,C00422,2021-07-11,33145,48,8.47,Closed
1423,C00423,2021-02-18,39020,24,11.0,Active
1424,C00424,2022-05-27,25587,48,13.83,Closed
1425,C00425,2021-01-17,46131,36,18.63,Active
1426,C00426,2021-06-21,14650,12,10.63,Closed
1427,C00427,2021-08-08,24933,12,18.08,Charged_Off
1428,C00428,2021-06-07,25581,48,20.14,Active
1429,C00429,2022-04-22,28393,12,14.36,Active
1430,C00430,2021-02-15,28051,24,19.5,Closed
1431,C00431,2022-01-08,31212,24,15.77,Active
1432,C00432,2022-06-02,9090,12,16.92,Active
1433,C00433,2021-04-09,11960,24,15.37,Active
1434,C00434,2023-06-11,40772,12,14.48,Active
1435,C00435,2023-01-15,26520,12,11.29,Closed
1436,C00436,2021-02-06,41408,12,12.24,Active
1437,C00437,2021-10-07,33470,48,12.06,Closed
1438,C00438,2021-12-15,25491,12,15.89,Closed
1439,C00439,2022-05-12,6341,48,9.68,Closed
1440,C00440,2021-10-29,49623,12,20.84,Closed
1441,C00441,2021-06-30,29791,12,18.09,Closed
1442,C00442,2022-08-30,5338,12,13.62,Active
1443,C00443,2021-04-09,10895,24,10.22,Closed
1444,C00444,2022-12-01,17254,48,20.35,Closed
1445,C00445,2021-04-26,16344,48,19.53,Closed
1446,C00446,2021-07-10,6750,12,18.1,Closed
1447,C00447,2021-09-10,7421,12,11.8,Active
1448,C00448,2021-06-10,44887,24,13.63,Active
1449,C00449,2021-09-13,10319,24,9.44,Closed
1450,C00450,2021-11-19,20896,24,10.65,Active
1451,C00451,2021-05-08,16918,48,18.96,Closed
1452,C00452,2021-01-18,30064,48,18.01,Active
1453,C00453,2023-03-04,32935,48,16.31,Active
1454,C00454,2023-01-05,42641,12,20.54,Active
1455,C00455,2022-07-20,34711,48,16.17,Active
1456,C00456,2022-07-24,9806,36,14.54,Active
1457,C00457,2021-11-19,46360,36,12.77,Active
1458,C00458,2023-05-22,17182,24,21.17,Charged_Off
1459,C00459,2022-11-17,27297,48,9.16,Closed
1460,C00460,2023-03-03,24541,36,21.03,Active
1461,C00461,2022-09-18,33921,24,19.57,Closed
1462,C00462,2021-10-15,21774,48,9.82,Closed
1463,C00463,2023-05-04,49813,12,15.91,Closed
1464,C00464,2022-10-25,42198,36,20.13,Active
1465,C00465,2022-10-01,13820,12,16.01,Closed
1466,C00466,2021-06-04,29070,48,20.7,Closed
1467,C00467,2022-05-05,9232,36,21.2,Active
1468,C00468,2022-01-21,16122,48,13.91,Active
1469,C00469,2023-02-24,20023,12,13.28,Closed
1470,C00470,2021-04-14,13007,36,21.11,Active
1471,C00471,2022-01-28,22905,12,17.45,Closed
1472,C00472,2023-03-22,46786,48,9.62,Active
1473,C00473,2021-09-03,34398,48,8.59,Charged_Off
1474,C00474,2021-06-25,39268,12,15.9,Closed
1475,C00475,2021-02-08,11737,36,21.02,Active
1476,C00476,2022-04-22,41062,12,19.82,Active
1477,C00477,2022-11-13,30510,48,17.46,Closed
1478,C00478,2023-01-29,24426,12,9.95,Closed
1479,C00479,2022-06-22,42265,48,11.56,Closed
1480,C00480,2023-05-17,22850,12,20.26,Active
1481,C00481,2023-03-29,5614,36,10.56,Active
1482,C00482,2022-02-12,26776,36,11.9,Active
1483,C00483,2022-06-09,29077,12,9.81,Closed
1484,C00484,2023-04-08,14374,12,17.47,Active
1485,C00485,2022-05-21,40435,36,21.22,Active
1486,C00486,2023-04-05,35907,48,11.77,Closed
1487,C00487,2021-02-05,18409,36,14.66,Charged_Off
1488,C00488,2022-11-16,21514,48,16.88,Active
1489,C00489,2021-01-20,34866,12,21.99,Active
1490,C00490,2021-11-17,7983,12,9.47,Closed
1491,C00491,2023-02-15,36705,48,14.98,Closed
1492,C00492,2022-05-27,25662,12,13.39,Active
1493,C00493,2022-02-04,28510,48,20.12,Charged_Off
1494,C00494,2022-10-16,17651,24,14.66,Closed
1495,C00495,2023-06-02,45998,36,9.55,Active
1496,C00496,2022-04-16,33535,24,16.88,Active
1497,C00497,2021-05-23,11640,48,18.79,Active
1498,C00498,2021-04-02,49547,36,8.04,Closed
1499,C00499,2021-12-20,20317,48,20.03,Active
1500,C00500,2023-04-14,12564,36,10.6,Closed
1501,C00501,2023-03-11,32345,36,15.73,Closed
1502,C00502,2022-12-28,33687,36,13.82,Active
1503,C00503,2023-05-04,18737,36,18.08,Closed
1504,C00504,2021-02-20,14323,48,13.2,Charged_Off
1505,C00505,2022-10-27,20229,36,20.18,Active
1506,C00506,2022-11-29,49481,36,18.23,Active
1507,C00507,2022-07-29,13502,24,17.07,Active
1508,C00508,2021-07-09,5545,12,19.15,Closed
1509,C00509,2021-05-05,42114,12,18.56,Charged_Off
1510,C00510,2021-05-30,34430,24,8.5,Active
1511,C00511,2021-11-10,14996,24,13.53,Closed
1512,C00512,2022-07-24,32788,48,21.03,Active
1513,C00513,2021-12-08,34969,48,9.76,Active
1514,C00514,2021-11-01,18919,48,18.32,Active
1515,C00515,2022-11-23,8810,24,21.64,Active
1516,C00516,2022-11-13,35586,24,8.73,Active
1517,C00517,2023-04-18,44974,36,17.55,Closed
1518,C00518,2023-02-22,46773,48,14.55,Active
1519,C00519,2021-02-23,21371,48,16.11,Charged_Off
1520,C00520,2022-03-20,34629,48,9.19,Active
1521,C00521,2022-09-05,13436,12,8.6,Active
1522,C00522,2021-09-21,17984,36,17.34,Active
1523,C00523,2021-02-22,38039,48,19.53,Closed
1524,C00524,2022-07-26,24895,48,18.95,Active
1525,C00525,2022-09-12,23155,48,15.61,Active
1526,C00526,2021-01-05,15616,12,9.4,Charged_Off
1527,C00527,2021-04-13,42129,12,17.63,Active
1528,C00528,2021-07-15,44837,24,11.39,Active
1529,C00529,2023-02-13,29574,36,20.75,Closed
1530,C00530,2023-05-27,8430,24,19.74,Active
1531,C00531,2023-06-03,17676,36,17.93,Active
1532,C00532,2021-12-16,15816,12,21.28,Active
1533,C00533,2021-02-16,37733,48,8.44,Active
1534,C00534,2023-05-17,25144,24,18.31,Active
1535,C00535,2023-04-03,7050,48,12.62,Active
1536,C00536,2023-03-31,49460,24,20.68,Active
1537,C00537,2022-10-18,38933,12,11.73,Active
1538,C00538,2021-09-26,29951,12,18.15,Closed
1539,C00539,2022-01-05,37413,12,20.29,Active
1540,C00540,2022-09-28,39801,24,8.58,Active
1541,C00541,2021-04-16,37913,36,13.57,Closed
1542,C00542,2022-11-01,45600,24,18.67,Closed
1543,C00543,2022-10-21,30280,36,14.37,Active
1544,C00544,2022-10-19,29557,24,11.74,Charged_Off
1545,C00545,2021-04-30,40400,24,11.08,Active
1546,C00546,2023-04-11,9494,12,9.84,Active
1547,C00547,2023-02-26,20152,48,20.0,Closed
1548,C00548,2022-08-27,28895,48,16.05,Active
1549,C00549,2021-02-27,14155,36,9.07,Active
1550,C00550,2021-12-12,36883,48,13.36,Active
1551,C00551,2023-01-11,48194,24,13.15,Active
1552,C00552,2022-04-19,48001,24,10.54,Active
1553,C00553,2021-04-27,6828,12,14.1,Charged_Off
1554,C00554,2023-04-10,46898,12,12.65,Active
1555,C00555,2023-03-02,37123,48,12.79,Closed
1556,C00556,2021-05-07,42573,36,18.35,Closed
1557,C00557,2022-01-28,5806,48,11.13,Closed
1558,C00558,2022-10-03,45970,48,16.99,Closed
1559,C00559,2021-02-27,34757,48,15.99,Closed
1560,C00560,2022-09-26,39636,48,15.95,Active
1561,C00561,2022-05-28,19561,24,17.28,Active
1562,C00562,2023-01-21,29262,36,15.68,Active
1563,C00563,2023-03-13,19899,24,20.31,Closed
1564,C00564,2021-04-06,20934,36,17.46,Closed
1565,C00565,2022-09-30,43197,12,15.66,Active
1566,C00566,2021-04-28,46844,48,19.62,Active
1567,C00567,2022-07-14,41332,24,16.49,Active
1568,C00568,2022-08-24,39157,36,12.08,Closed
1569,C00569,2022-05-03,16593,12,10.9,Active
1570,C00570,2021-08-25,45042,12,10.13,Closed
1571,C00571,2023-06-04,22320,48,20.59,Charged_Off
1572,C00572,2023-06-16,32376,36,17.94,Active
1573,C00573,2021-09-29,48513,24,21.12,Active
1574,C00574,2021-07-08,19199,48,16.45,Active
1575,C00575,2022-12-05,20876,24,14.63,Active
1576,C00576,2022-03-23,13245,12,8.84,Active
1577,C00577,2022-08-04,12214,24,17.4,Active
1578,C00578,2023-03-01,5726,24,16.15,Closed
1579,C00579,2023-05-11,16362,48,21.86,Active
1580,C00580,2021-09-04,23297,24,11.35,Active
1581,C00581,2021-03-17,35448,48,15.43,Charged_Off
1582,C00582,2021-06-03,31172,12,17.11,Closed
1583,C00583,2022-10-18,47874,48,17.02,Active
1584,C00584,2022-03-11,12657,48,15.86,Closed
1585,C00585,2021-03-27,23850,36,18.88,Active
1586,C00586,2022-11-28,30425,24,10.87,Closed
1587,C00587,2021-10-12,31685,12,18.16,Closed
1588,C00588,2021-08-08,29578,48,16.68,Closed
1589,C00589,2021-03-10,33831,12,20.55,Active
1590,C00590,2021-02-16,12906,36,19.86,Closed
1591,C00591,2021-04-04,12287,24,12.41,Active
1592,C00592,2023-01-20,38660,48,11.87,Active
1593,C00593,2022-03-29,15222,24,21.74,Active
1594,C00594,2021-07-23,42443,36,15.38,Active
1595,C00595,2021-08-06,39701,36,20.69,Active
1596,C00596,2022-04-19,22764,12,10.29,Closed
1597,C00597,2022-03-08,49641,48,17.0,Charged_Off
1598,C00598,2021-12-07,22674,12,19.34,Active
1599,C00599,2022-07-05,23024,36,21.26,Active
1600,C00600,2022-09-04,28874,24,12.72,Active
1601,C00601,2021-10-16,48642,12,18.15,Active
1602,C00602,2021-09-11,37284,12,15.54,Active
1603,C00603,2023-01-04,22602,24,8.85,Charged_Off
1604,C00604,2021-12-23,42784,12,17.66,Active
1605,C00605,2021-01-23,28265,24,17.66,Active
1606,C00606,2023-02-01,30931,48,21.03,Active
1607,C00607,2022-06-06,33841,24,14.96,Closed
1608,C00608,2023-01-28,34192,48,11.22,Closed
1609,C00609,2023-04-17,47520,24,8.62,Charged_Off
1610,C00610,2021-04-10,20585,36,13.82,Closed
1611,C00611,2023-03-13,30559,36,12.23,Active
1612,C00612,2021-06-29,45059,48,18.66,Active
1613,C00613,2021-08-11,38742,48,12.96,Closed
1614,C00614,2023-02-01,9133,36,21.29,Active
1615,C00615,2022-10-21,19663,48,21.47,Closed
1616,C00616,2022-03-18,26754,24,16.69,Active
1617,C00617,2022-08-31,8972,24,21.0,Active
1618,C00618,2023-02-08,10295,36,18.65,Active
1619,C00619,2021-11-21,46873,12,15.66,Closed
1620,C00620,2022-05-31,34125,24,10.52,Closed
1621,C00621,2021-01-16,45996,48,14.42,Active
1622,C00622,2023-03-03,14903,12,15.85,Active
1623,C00623,2021-12-02,8020,12,20.1,Active
1624,C00624,2023-01-29,46755,24,14.74,Active
1625,C00625,2021-09-15,25420,24,20.57,Active
1626,C00626,2022-05-12,26452,12,17.44,Active
1627,C00627,2023-06-15,43001,12,9.92,Active
1628,C00628,2021-06-09,14516,36,21.93,Active
1629,C00629,2022-04-20,7396,48,15.38,Active
1630,C00630,2023-05-02,23546,36,13.49,Active
1631,C00631,2022-10-26,24129,24,17.23,Active
1632,C00632,2022-11-21,6591,36,9.52,Active
1633,C00633,2022-11-06,16303,36,16.91,Active
1634,C00634,2022-01-15,35561,36,14.98,Closed
1635,C00635,2022-06-29,11183,36,13.69,Active
1636,C00636,2022-11-22,31572,48,21.34,Active
1637,C00637,2022-03-03,39080,48,15.32,Active
1638,C00638,2022-09-05,25695,12,11.07,Closed
1639,C00639,2021-09-25,12314,24,14.43,Closed
1640,C00640,2023-04-15,24623,36,20.87,Closed
1641,C00641,2022-07-31,7139,12,10.47,Closed
1642,C00642,2022-02-21,36290,12,11.0,Active
1643,C00643,2021-06-17,23088,12,8.18,Closed
1644,C00644,2023-04-22,44692,48,8.2,Closed
1645,C00645,2021-02-12,38130,36,19.61,Active
1646,C00646,2022-07-10,37088,36,18.25,Active
1647,C00647,2021-10-12,31292,24,12.97,Active
1648,C00648,2022-02-01,25670,36,17.78,Charged_Off
1649,C00649,2021-01-12,8738,36,13.53,Active
1650,C00650,2022-08-30,7469,12,21.34,Closed
1651,C00651,2021-10-29,27534,24,21.54,Active
1652,C00652,2023-06-17,14017,36,13.5,Active
1653,C00653,2021-09-10,7808,48,19.96,Active
1654,C00654,2022-05-14,17713,36,18.82,Active
1655,C00655,2023-01-24,45329,12,12.34,Closed
1656,C00656,2021-02-04,7719,48,11.25,Closed
1657,C00657,2022-12-28,27890,12,14.42,Active
1658,C00658,2023-04-29,16700,36,18.94,Closed
1659,C00659,2021-03-31,41509,48,21.44,Active
1660,C00660,2023-02-15,47534,24,18.69,Charged_Off
1661,C00661,2022-08-28,41766,24,19.97,Active
1662,C00662,2022-08-25,31705,48,16.44,Active
1663,C00663,2022-02-22,23787,48,19.7,Active
1664,C00664,2021-04-25,31588,12,18.98,Active
1665,C00665,2022-09-09,31123,48,13.28,Active
1666,C00666,2021-07-15,38062,12,15.73,Closed
1667,C00667,2023-04-06,15177,36,19.27,Closed
1668,C00668,2022-05-16,26727,12,8.64,Closed
1669,C00669,2022-09-18,35220,48,19.31,Active
1670,C00670,2022-05-08,14882,48,10.49,Active
1671,C00671,2021-03-16,6136,36,15.21,Active
1672,C00672,2022-02-17,39832,48,19.32,Active
1673,C00673,2022-01-11,36966,48,11.55,Closed
1674,C00674,2022-02-24,12009,24,11.44,Active
1675,C00675,2022-12-30,17987,24,13.64,Active
1676,C00676,2021-10-04,42311,36,20.52,Active
1677,C00677,2023-01-31,36575,12,8.01,Charged_Off
1678,C00678,2022-11-07,6007,24,20.62,Active
1679,C00679,2022-01-29,10445,12,10.15,Active
1680,C00680,2023-05-19,15706,48,21.86,Active
1681,C00681,2022-04-02,49486,24,21.37,Active
1682,C00682,2021-07-11,34257,36,14.93,Active
1683,C00683,2023-01-09,26736,36,15.18,Active
1684,C00684,2022-11-20,47207,36,14.74,Closed
1685,C00685,2021-04-09,18281,24,16.9,Active
1686,C00686,2022-07-02,6435,12,9.27,Closed
1687,C00687,2021-04-06,38339,48,8.46,Charged_Off
1688,C00688,2022-10-26,40150,12,8.81,Closed
1689,C00689,2022-10-25,30821,12,14.22,Active
1690,C00690,2021-07-09,31660,48,11.86,Active
1691,C00691,2023-01-06,10084,48,16.71,Closed
1692,C00692,2021-02-06,21661,24,21.89,Closed
1693,C00693,2023-02-19,18507,24,13.41,Active
1694,C00694,2022-01-04,12059,24,16.03,Closed
1695,C00695,2022-11-26,23271,24,13.82,Active
1696,C00696,2022-06-09,12491,24,19.86,Active
1697,C00697,2021-10-06,19859,48,20.63,Active
1698,C00698,2021-08-05,13073,12,20.28,Active
1699,C00699,2023-05-17,14077,24,21.64,Active
1700,C00700,2023-05-23,25953,24,8.39,Closed
1701,C00701,2023-03-09,16383,12,19.76,Active
1702,C00702,2021-09-30,7353,24,18.52,Active
1703,C00703,2023-05-31,28821,12,11.2,Active
1704,C00704,2021-03-03,42567,12,21.39,Active
1705,C00705,2022-08-19,29860,48,10.07,Active
1706,C00706,2023-05-30,26195,36,17.51,Closed
1707,C00707,2022-12-30,16939,48,11.15,Closed
1708,C00708,2021-12-08,30338,36,14.04,Closed
1709,C00709,2022-02-01,26730,36,18.07,Closed
1710,C00710,2022-11-30,26427,36,15.89,Active
1711,C00711,2021-01-19,40196,24,13.99,Active
1712,C00712,2021-06-26,32083,48,12.57,Active
1713,C00713,2022-09-04,26510,36,19.76,Active
1714,C00714,2022-01-31,49064,12,10.01,Charged_Off
1715,C00715,2022-03-21,12813,24,14.02,Active
1716,C00716,2021-08-21,36598,48,20.65,Active
1717,C00717,2021-03-17,32570,36,19.84,Closed
1718,C00718,2021-09-22,32082,12,13.61,Charged_Off
1719,C00719,2022-03-31,34241,48,18.68,Closed
1720,C00720,2023-03-07,35678,48,19.52,Active
1721,C00721,2022-12-19,49569,24,20.44,Active
1722,C00722,2023-01-05,16745,48,15.62,Active
1723,C00723,2022-01-19,31029,24,10.86,Active
1724,C00724,2022-07-18,18025,36,11.57,Active
1725,C00725,2023-05-01,41124,24,12.14,Active
1726,C00726,2022-05-21,19288,12,16.31,Charged_Off
1727,C00727,2022-01-02,28650,24,8.46,Active
1728,C00728,2021-05-24,11540,12,16.9,Closed
1729,C00729,2023-06-04,37232,24,13.1,Closed
1730,C00730,2021-03-10,21422,48,12.13,Active
1731,C00731,2021-04-09,8342,36,20.31,Closed
1732,C00732,2022-01-31,46846,12,14.44,Active
1733,C00733,2021-01-25,40612,24,9.33,Active
1734,C00734,2023-06-10,15396,24,19.57,Closed
1735,C00735,2022-04-14,22482,24,8.67,Active
1736,C00736,2022-04-29,28411,48,18.17,Charged_Off
1737,C00737,2022-07-19,18261,48,18.83,Active
1738,C00738,2021-05-31,8093,12,12.94,Closed
1739,C00739,2021-05-24,16722,12,19.55,Active
1740,C00740,2022-07-23,27042,48,15.22,Active
1741,C00741,2021-02-08,49413,12,14.49,Active
1742,C00742,2021-04-19,33087,36,8.64,Closed
1743,C00743,2022-11-24,37347,36,12.06,Closed
1744,C00744,2021-02-11,38756,48,21.03,Closed
1745,C00745,2021-07-05,44214,12,13.49,Active
1746,C00746,2022-02-02,21335,24,15.65,Closed
1747,C00747,2021-08-11,33602,36,15.45,Closed
1748,C00748,2022-09-26,39450,48,16.27,Closed
1749,C00749,2021-05-13,37196,12,8.86,Active
1750,C00750,2021-06-12,10626,48,13.07,Closed
1751,C00751,2021-08-03,12424,24,18.12,Closed
1752,C00752,2023-01-03,17857,36,10.81,Active
1753,C00753,2021-08-23,49923,48,10.85,Closed
1754,C00754,2023-04-23,24982,48,8.14,Closed
1755,C00755,2022-10-20,16425,48,14.12,Active
1756,C00756,2023-01-21,6980,24,20.36,Active
1757,C00757,2022-08-11,31431,48,8.73,Active
1758,C00758,2021-01-09,24440,24,10.68,Active
1759,C00759,2021-03-15,46752,24,12.34,Closed
1760,C00760,2022-05-07,22175,24,18.24,Active
1761,C00761,2021-09-10,31385,36,16.97,Closed
1762,C00762,2021-08-18,43158,36,13.82,Closed
1763,C00763,2022-06-03,28019,48,18.63,Active
1764,C00764,2021-06-23,23639,48,16.53,Closed
1765,C00765,2022-10-15,24994,36,20.54,Charged_Off
1766,C00766,2021-06-17,39375,12,19.45,Closed
1767,C00767,2021-06-19,26563,36,11.54,Closed
1768,C00768,2022-01-28,44341,24,11.8,Charged_Off
1769,C00769,2023-03-06,10776,36,9.75,Closed
1770,C00770,2022-09-26,41444,24,12.72,Active
1771,C00771,2021-07-13,8380,48,21.99,Closed
1772,C00772,2022-06-01,13711,12,13.68,Closed
1773,C00773,2021-01-29,13782,48,11.09,Closed
1774,C00774,2021-06-14,22434,24,18.67,Active
1775,C00775,2022-02-26,25017,24,15.59,Closed
1776,C00776,2021-12-05,35707,24,10.09,Active
1777,C00777,2022-10-10,44110,12,13.33,Charged_Off
1778,C00778,2022-05-11,22343,36,13.8,Active
1779,C00779,2021-12-31,43827,48,18.55,Active
1780,C00780,2023-04-13,46652,48,8.29,Active
1781,C00781,2021-12-08,10655,36,11.77,Active
1782,C00782,2022-05-15,49859,48,15.25,Closed
1783,C00783,2022-10-19,20251,12,11.76,Charged_Off
1784,C00784,2022-05-26,5526,48,16.8,Closed
1785,C00785,2021-11-23,8224,24,14.75,Active
1786,C00786,2021-08-05,16536,36,13.06,Active
1787,C00787,2021-10-28,33541,12,21.29,Closed
1788,C00788,2021-05-12,18547,36,16.85,Charged_Off
1789,C00789,2023-03-15,39531,12,9.82,Active
1790,C00790,2021-03-11,13712,24,15.84,Active
1791,C00791,2021-09-09,43565,36,18.93,Active
1792,C00792,2022-02-19,14208,48,17.92,Closed
1793,C00793,2023-02-26,10109,12,10.41,Closed
1794,C00794,2022-03-21,40201,36,21.61,Active
1795,C00795,2023-05-26,21967,48,14.28,Active
1796,C00796,2021-07-01,34759,36,10.23,Closed
1797,C00797,2021-06-16,25172,36,10.52,Active
1798,C00798,2021-04-01,41935,36,9.38,Active
1799,C00799,2022-12-15,31589,12,19.25,Closed
1800,C00800,2023-05-08,35015,48,9.71,Active
1801,C00801,2022-06-15,34009,24,9.75,Active
1802,C00802,2021-02-08,22773,12,19.91,Closed
1803,C00803,2021-05-06,46125,12,12.82,Closed
1804,C00804,2022-03-27,31143,12,8.43,Closed
1805,C00805,2021-06-22,11154,24,8.73,Closed
1806,C00806,2022-10-15,26804,48,9.99,Closed
1807,C00807,2023-01-24,46688,48,10.99,Closed
1808,C00808,2021-08-08,25581,48,17.31,Active
1809,C00809,2022-09-30,35087,36,10.2,Closed
1810,C00810,2021-02-27,37981,36,9.66,Charged_Off
1811,C00811,2022-10-22,8762,36,18.71,Active
1812,C00812,2022-04-21,14768,24,17.39,Active
1813,C00813,2022-04-01,48408,36,14.09,Active
1814,C00814,2023-04-09,44499,24,15.69,Active
1815,C00815,2023-06-14,43559,48,12.37,Active
1816,C00816,2021-12-27,13783,36,14.76,Closed
1817,C00817,2021-01-01,34781,36,15.09,Charged_Off
1818,C00818,2022-01-22,35811,12,13.42,Active
1819,C00819,2021-12-14,40488,24,20.69,Active
1820,C00820,2021-07-09,13905,48,8.22,Active
1821,C00821,2022-05-20,14127,12,18.95,Closed
1822,C00822,2021-07-10,27431,12,9.74,Active
1823,C00823,2022-05-23,11368,48,19.17,Active
1824,C00824,2022-01-04,32424,12,16.62,Active
1825,C00825,2022-02-13,23333,24,19.81,Active
1826,C00826,2023-04-04,28116,24,9.37,Active
1827,C00827,2021-04-27,48201,36,15.83,Closed
1828,C00828,2021-05-14,20525,12,15.02,Closed
1829,C00829,2021-02-27,28398,36,17.89,Closed
1830,C00830,2022-07-10,37857,12,15.48,Active
1831,C00831,2022-11-16,15361,24,15.57,Closed
1832,C00832,2022-11-03,21369,24,14.01,Closed
1833,C00833,2021-06-22,8041,24,12.32,Active
1834,C00834,2023-04-09,5105,12,14.75,Closed
1835,C00835,2023-03-26,14078,24,9.66,Active
1836,C00836,2021-05-29,30003,12,21.46,Closed
1837,C00837,2021-03-21,11090,36,18.0,Active
1838,C00838,2023-06-05,43850,12,21.33,Charged_Off
1839,C00839,2021-08-01,6925,36,11.17,Active
1840,C00840,2021-07-22,23440,12,20.31,Closed
1841,C00841,2023-02-03,44685,36,19.32,Closed
1842,C00842,2021-08-17,31015,24,17.48,Closed
1843,C00843,2022-11-07,38320,36,16.75,Active
1844,C00844,2021-08-15,30291,24,12.43,Active
1845,C00845,2022-10-21,41679,24,19.43,Closed
1846,C00846,2022-06-16,31289,36,15.02,Active
1847,C00847,2022-03-17,8389,12,8.99,Active
1848,C00848,2022-02-06,30683,12,12.38,Closed
1849,C00849,2021-02-16,18629,48,21.09,Active
1850,C00850,2021-08-21,29826,12,19.91,Active
1851,C00851,2021-11-01,40198,48,21.75,Active
1852,C00852,2022-06-10,31630,12,16.79,Active
1853,C00853,2021-05-23,38226,12,11.47,Closed
1854,C00854,2022-02-19,37975,24,10.28,Closed
1855,C00855,2022-05-28,5899,48,10.62,Closed
1856,C00856,2022-01-08,16653,12,8.28,Charged_Off
1857,C00857,2022-07-20,32961,48,13.47,Active
1858,C00858,2023-06-05,21405,24,10.68,Active
1859,C00859,2021-09-16,13601,24,13.76,Active
1860,C00860,2022-10-18,38662,48,21.09,Active
1861,C00861,2022-04-16,38282,24,14.03,Charged_Off
1862,C00862,2021-01-12,26288,36,20.29,Active
1863,C00863,2021-11-26,34545,36,16.48,Active
1864,C00864,2023-01-06,41877,24,11.46,Active
1865,C00865,2023-02-23,20313,36,12.98,Closed
1866,C00866,2021-12-24,20349,12,9.17,Closed
1867,C00867,2022-02-12,12179,48,12.67,Active
1868,C00868,2022-10-30,15326,12,17.49,Charged_Off
1869,C00869,2022-01-08,49555,48,9.01,Active
1870,C00870,2021-01-08,6560,24,10.88,Active
1871,C00871,2021-05-02,18612,12,13.34,Closed
1872,C00872,2021-12-14,22650,24,21.75,Active
1873,C00873,2022-11-07,31745,24,18.99,Charged_Off
1874,C00874,2021-03-31,36890,48,18.27,Charged_Off
1875,C00875,2022-10-10,25022,48,9.63,Closed
1876,C00876,2022-11-29,9780,48,18.93,Closed
1877,C00877,2021-11-12,23311,12,18.99,Active
1878,C00878,2021-06-27,33380,36,16.42,Charged_Off
1879,C00879,2022-06-24,49662,48,21.87,Active
1880,C00880,2023-01-02,7356,48,12.55,Closed
1881,C00881,2023-05-19,9790,12,21.18,Charged_Off
1882,C00882,2021-02-10,31911,48,20.81,Charged_Off
1883,C00883,2023-01-10,29363,12,8.16,Closed
1884,C00884,2022-12-05,25049,24,14.3,Active
1885,C00885,2022-05-17,15181,48,21.68,Charged_Off
1886,C00886,2021-05-25,44825,48,9.44,Closed
1887,C00887,2021-07-20,21082,24,15.67,Charged_Off
1888,C00888,2022-12-25,5661,24,21.71,Closed
1889,C00889,2022-04-06,42412,24,15.78,Active
1890,C00890,2023-01-02,7920,48,10.66,Active
1891,C00891,2023-01-22,30658,36,16.15,Closed
1892,C00892,2022-07-12,19025,36,10.86,Closed
1893,C00893,2022-07-01,13946,36,15.28,Active
1894,C00894,2021-09-10,33706,48,9.04,Closed
1895,C00895,2022-01-25,44004,24,16.48,Active
1896,C00896,2022-08-17,21309,48,15.24,Closed
1897,C00897,2023-06-02,38120,24,18.36,Active
1898,C00898,2021-09-13,35027,48,16.83,Active
1899,C00899,2022-12-10,12005,48,15.69,Active
1900,C00900,2023-03-26,5956,24,17.66,Active
1901,C00901,2022-03-26,39839,36,10.02,Active
1902,C00902,2021-01-10,13595,24,16.34,Active
1903,C00903,2023-04-04,17803,12,10.41,Active
1904,C00904,2023-03-09,30963,12,20.96,Charged_Off
1905,C00905,2021-08-30,41221,24,8.96,Closed
1906,C00906,2021-09-08,44443,48,14.03,Active
1907,C00907,2023-05-27,38723,12,17.74,Charged_Off
1908,C00908,2021-01-05,44063,12,14.41,Active
1909,C00909,2021-04-29,20282,48,9.29,Closed
1910,C00910,2023-03-12,9703,48,15.75,Closed
1911,C00911,2022-01-09,11563,36,16.98,Active
1912,C00912,2021-03-06,30849,48,17.85,Active
1913,C00913,2021-05-26,36860,24,13.23,Active
1914,C00914,2021-08-12,36585,24,15.89,Active
1915,C00915,2021-08-27,27015,36,14.31,Closed
1916,C00916,2021-06-26,17003,12,17.41,Active
1917,C00917,2023-02-18,48585,12,16.17,Active
1918,C00918,2023-05-03,31958,48,15.36,Active
1919,C00919,2021-10-09,31017,24,11.49,Active
1920,C00920,2021-03-04,16171,12,8.03,Active
1921,C00921,2021-08-05,17201,36,10.44,Active
1922,C00922,2023-05-04,34426,36,9.64,Closed
1923,C00923,2023-04-07,22778,24,14.29,Active
1924,C00924,2023-03-06,47229,36,16.57,Active
1925,C00925,2022-11-20,26116,36,10.98,Closed
1926,C00926,2022-04-06,38297,24,21.15,Active
1927,C00927,2022-09-02,24342,48,8.09,Closed
1928,C00928,2021-04-15,32490,48,18.81,Closed
1929,C00929,2021-04-09,24975,36,16.75,Active
1930,C00930,2022-05-26,31723,48,13.23,Active
1931,C00931,2022-01-20,28279,48,8.71,Active
1932,C00932,2022-02-09,17765,36,16.78,Active
1933,C00933,2023-04-03,16561,48,13.4,Active
1934,C00934,2022-06-02,46899,36,21.11,Active
1935,C00935,2022-04-21,5525,12,15.59,Active
1936,C00936,2022-12-10,27861,24,21.16,Active
1937,C00937,2023-05-13,38142,24,11.09,Closed
1938,C00938,2022-10-07,31916,48,18.16,Closed
1939,C00939,2023-05-20,49965,48,16.64,Active
1940,C00940,2023-02-10,9648,48,18.35,Active
1941,C00941,2022-03-13,40133,24,11.01,Closed
1942,C00942,2021-01-23,35523,12,17.31,Closed
1943,C00943,2022-07-19,34052,12,14.97,Closed
1944,C00944,2022-11-08,39414,24,18.4,Active
1945,C00945,2022-12-15,37781,12,12.58,Closed
1946,C00946,2022-04-03,9599,24,20.46,Active
1947,C00947,2021-03-24,40046,12,9.18,Active
1948,C00948,2021-05-25,40923,36,19.3,Active
1949,C00949,2021-03-26,46089,36,20.06,Active
1950,C00950,2021-03-19,8814,24,19.44,Active
1951,C00951,2022-04-02,40984,12,15.18,Active
1952,C00952,2023-05-28,31616,48,14.14,Closed
1953,C00953,2021-01-01,7113,12,21.95,Charged_Off
1954,C00954,2021-02-20,48006,36,11.21,Active
1955,C00955,2022-11-16,18760,36,15.66,Active
1956,C00956,2022-12-18,26927,12,17.39,Active
1957,C00957,2023-02-11,25939,12,17.81,Closed
1958,C00958,2022-03-22,37419,48,10.86,Active
1959,C00959,2022-03-25,17588,48,17.16,Charged_Off
1960,C00960,2023-05-31,41142,12,19.46,Active
1961,C00961,2022-05-03,44198,12,8.7,Active
1962,C00962,2023-03-11,49738,12,20.76,Closed
1963,C00963,2021-02-03,38397,12,8.41,Closed
1964,C00964,2021-12-14,21653,24,12.98,Active
1965,C00965,2021-04-05,15831,12,8.22,Active
1966,C00966,2021-03-13,10724,48,9.08,Charged_Off
1967,C00967,2022-07-05,16083,36,20.76,Active
1968,C00968,2021-06-03,24816,24,12.97,Closed
1969,C00969,2021-09-07,47240,12,13.95,Active
1970,C00970,2022-11-05,11276,36,11.01,Closed
1971,C00971,2022-03-14,43663,24,16.36,Closed
1972,C00972,2021-04-28,18994,36,16.33,Active
1973,C00973,2023-02-10,28499,12,13.21,Closed
1974,C00974,2023-06-10,28040,12,12.66,Active
1975,C00975,2021-11-02,48320,48,20.39,Active
1976,C00976,2021-09-25,21959,12,13.37,Closed
1977,C00977,2021-02-23,11099,12,14.91,Active
1978,C00978,2021-08-24,47267,24,11.97,Closed
1979,C00979,2022-01-24,24576,48,19.01,Active
1980,C00980,2023-01-04,40946,24,13.56,Active
1981,C00981,2023-02-02,11116,36,15.19,Active
1982,C00982,2023-04-05,20563,12,11.55,Active
1983,C00983,2022-02-05,31788,36,21.83,Active
1984,C00984,2022-09-16,31928,24,12.08,Closed
1985,C00985,2023-02-06,41336,12,18.79,Charged_Off
1986,C00986,2021-10-30,14847,12,13.98,Closed
1987,C00987,2021-07-26,31155,24,10.89,Active
1988,C00988,2021-08-17,19135,24,19.2,Active
1989,C00989,2023-05-03,22774,24,12.67,Active
1990,C00990,2022-08-01,6742,24,20.11,Active
1991,C00991,2021-03-16,23309,24,20.81,Active
1992,C00992,2022-03-11,5619,12,20.04,Active
1993,C00993,2021-04-13,22658,24,8.49,Active
1994,C00994,2022-02-26,39707,12,19.02,Charged_Off
1995,C00995,2022-12-05,25337,12,13.76,Active
1996,C00996,2023-02-03,21001,24,20.23,Active
1997,C00997,2023-01-08,5968,24,16.93,Active
1998,C00998,2023-03-17,30892,48,19.67,Active
1999,C00999,2021-11-02,30619,12,14.99,Closed
2000,C01000,2021-04-08,5281,24,15.49,Active
2001,C01001,2023-04-30,32420,24,10.02,Active
2002,C01002,2023-03-09,20360,24,18.98,Active
2003,C01003,2021-12-01,44030,48,13.87,Active
2004,C01004,2023-05-09,6058,48,15.0,Active
2005,C01005,2022-03-11,25677,36,18.99,Closed
2006,C01006,2022-03-23,15724,12,16.38,Closed
2007,C01007,2021-11-04,33404,36,10.82,Closed
2008,C01008,2021-09-06,42946,24,16.26,Active
2009,C01009,2021-06-15,44748,48,13.71,Closed
2010,C01010,2022-04-26,34856,48,14.57,Active
2011,C01011,2021-12-01,14200,36,8.4,Active
2012,C01012,2022-06-26,38997,48,10.94,Closed
2013,C01013,2023-01-29,30611,24,11.93,Active
2014,C01014,2021-04-16,46235,48,17.98,Active
2015,C01015,2022-07-17,40057,36,8.16,Closed
2016,C01016,2021-03-22,6239,24,13.72,Active
2017,C01017,2021-05-13,43138,36,20.94,Closed
2018,C01018,2023-03-08,5125,48,9.57,Active
2019,C01019,2023-06-19,28857,36,15.23,Closed
2020,C01020,2021-05-18,20398,36,19.01,Charged_Off
2021,C01021,2021-07-03,11638,12,21.2,Closed
2022,C01022,2022-02-05,11570,48,18.45,Active
2023,C01023,2021-11-26,8249,48,18.09,Active
2024,C01024,2023-02-24,14110,36,19.57,Active
2025,C01025,2022-05-23,45363,12,14.25,Active
2026,C01026,2023-05-02,18605,48,19.28,Active
2027,C01027,2021-03-10,17115,24,8.11,Closed
2028,C01028,2022-06-30,44062,36,20.94,Active
2029,C01029,2023-02-13,27911,48,14.21,Charged_Off
2030,C01030,2021-02-22,43525,24,15.75,Active
2031,C01031,2022-03-26,37556,48,11.57,Active
2032,C01032,2021-07-24,17595,24,18.4,Active
2033,C01033,2021-05-06,6969,36,9.07,Charged_Off
2034,C01034,2023-01-17,48753,48,20.22,Closed
2035,C01035,2021-02-12,22275,48,19.59,Closed
2036,C01036,2023-01-22,9470,12,11.02,Charged_Off
2037,C01037,2023-06-02,15225,36,19.33,Active
2038,C01038,2021-04-21,47324,24,19.01,Active
2039,C01039,2023-01-31,46974,48,16.85,Active
2040,C01040,2022-10-25,47759,48,13.23,Closed
2041,C01041,2021-07-02,28196,24,11.8,Active
2042,C01042,2023-04-28,45287,36,11.24,Active
2043,C01043,2021-04-05,18669,12,12.46,Charged_Off
2044,C01044,2022-01-09,42380,12,20.65,Charged_Off
2045,C01045,2022-06-04,43006,48,9.09,Closed
2046,C01046,2023-06-19,20577,24,19.6,Closed
2047,C01047,2021-12-26,27473,48,12.88,Closed
2048,C01048,2023-06-19,33625,24,15.3,Active
2049,C01049,2022-11-27,20504,12,19.12,Active
2050,C01050,2021-10-08,29089,36,20.38,Closed
2051,C01051,2021-07-14,41487,24,12.83,Closed
2052,C01052,2023-05-14,5302,12,14.47,Active
2053,C01053,2021-07-14,36463,48,13.8,Charged_Off
2054,C01054,2022-10-29,49912,24,8.19,Active
2055,C01055,2021-04-03,34259,36,12.14,Active
2056,C01056,2022-11-03,47823,48,14.43,Closed
2057,C01057,2021-03-02,42208,48,13.76,Active
2058,C01058,2022-09-26,35659,12,18.11,Active
2059,C01059,2021-02-20,40840,24,13.39,Active
2060,C01060,2022-02-07,36890,48,14.85,Closed
2061,C01061,2023-02-28,18598,36,14.01,Active
2062,C01062,2021-01-05,24508,24,18.37,Closed
2063,C01063,2022-04-11,47287,36,20.08,Closed
2064,C01064,2022-08-27,18380,48,15.45,Active
2065,C01065,2022-11-13,31984,36,19.05,Charged_Off
2066,C01066,2023-04-09,49633,12,12.16,Active
2067,C01067,2022-06-18,13125,36,15.58,Charged_Off
2068,C01068,2022-02-09,41059,24,12.83,Active
2069,C01069,2023-04-18,9033,36,13.8,Charged_Off
2070,C01070,2022-05-28,42873,36,18.25,Active
2071,C01071,2022-10-07,22087,12,20.34,Active
2072,C01072,2021-08-21,45901,36,9.7,Active
2073,C01073,2022-06-08,10704,36,16.88,Active
2074,C01074,2021-12-12,12848,48,16.15,Closed
2075,C01075,2021-02-15,26592,48,9.66,Active
2076,C01076,2022-06-30,11924,24,10.97,Closed
2077,C01077,2021-03-19,32208,48,12.35,Active
2078,C01078,2022-12-31,24614,48,10.34,Active
2079,C01079,2023-03-24,5488,48,11.41,Closed
2080,C01080,2021-03-14,44882,48,11.75,Active
2081,C01081,2023-03-05,30923,12,12.7,Closed
2082,C01082,2021-09-06,40941,48,18.49,Closed
2083,C01083,2021-02-16,34165,12,16.01,Closed
2084,C01084,2021-05-01,6667,12,21.81,Active
2085,C01085,2021-08-02,31213,48,13.81,Closed
2086,C01086,2021-08-27,9114,36,18.55,Charged_Off
2087,C01087,2021-02-25,41321,12,20.2,Closed
2088,C01088,2021-12-16,12761,36,17.51,Active
2089,C01089,2021-04-17,36116,36,13.77,Closed
2090,C01090,2023-04-11,38768,48,18.55,Closed
2091,C01091,2021-02-17,30426,24,10.85,Closed
2092,C01092,2022-07-27,22772,48,12.59,Active
2093,C01093,2021-12-03,43218,24,15.65,Active
2094,C01094,2021-01-26,8712,24,16.06,Closed
2095,C01095,2023-03-15,6367,48,8.31,Active
2096,C01096,2021-09-14,45957,48,21.23,Closed
2097,C01097,2021-01-08,46781,24,17.75,Active
2098,C01098,2022-09-17,31200,48,14.94,Active
2099,C01099,2023-05-17,8726,24,21.06,Active
2100,C01100,2021-09-10,28616,36,14.15,Active
2101,C01101,2022-11-23,32723,48,21.73,Charged_Off
2102,C01102,2022-12-20,42574,36,15.17,Closed
2103,C01103,2021-10-30,39958,12,9.6,Closed
2104,C01104,2022-10-01,14108,36,18.71,Active
2105,C01105,2021-02-25,17178,36,17.5,Closed
2106,C01106,2022-12-27,40643,24,18.82,Closed
2107,C01107,2022-06-10,36324,36,21.32,Closed
2108,C01108,2022-04-19,43360,48,18.87,Active
2109,C01109,2021-01-28,22824,24,16.56,Closed
2110,C01110,2021-03-19,13927,12,20.0,Closed
2111,C01111,2021-08-04,33144,48,17.43,Charged_Off
2112,C01112,2022-01-21,36010,12,13.71,Active
2113,C01113,2021-12-31,27443,36,20.4,Closed
2114,C01114,2022-10-28,19437,48,11.11,Closed
2115,C01115,2022-06-10,49298,48,18.0,Active
2116,C01116,2022-11-30,44778,12,20.34,Active
2117,C01117,2021-11-08,16207,48,18.24,Active
2118,C01118,2023-06-02,30537,48,17.76,Active
2119,C01119,2021-01-07,40757,48,18.54,Active
2120,C01120,2021-01-03,17040,36,14.51,Closed
2121,C01121,2022-09-15,46986,12,20.24,Closed
2122,C01122,2023-01-20,27612,48,10.85,Closed
2123,C01123,2021-12-29,33441,24,9.78,Charged_Off
2124,C01124,2023-01-21,11471,24,12.0,Active
2125,C01125,2022-05-23,40631,24,15.44,Active
2126,C01126,2021-10-01,48461,24,15.15,Closed
2127,C01127,2022-05-21,31523,36,19.49,Active
2128,C01128,2023-03-17,36348,48,13.66,Active
2129,C01129,2023-01-09,6177,12,14.78,Active
2130,C01130,2023-06-02,9760,48,8.19,Active
2131,C01131,2021-01-15,37779,36,13.74,Closed
2132,C01132,2021-07-11,26636,24,17.07,Active
2133,C01133,2022-09-23,21353,36,8.22,Active
2134,C01134,2022-04-30,16556,48,11.93,Active
2135,C01135,2021-01-28,32598,12,10.91,Closed
2136,C01136,2022-12-15,16563,36,8.59,Active
2137,C01137,2021-02-08,48790,12,14.71,Closed
2138,C01138,2021-09-30,13234,36,10.54,Active
2139,C01139,2021-08-19,30519,12,18.4,Active
2140,C01140,2021-03-27,31966,12,19.87,Active
2141,C01141,2022-04-19,21173,24,15.64,Active
2142,C01142,2021-05-06,31987,12,21.74,Active
2143,C01143,2023-03-23,18178,24,14.31,Active
2144,C01144,2022-06-21,44338,48,15.19,Charged_Off
2145,C01145,2021-05-25,29596,48,21.85,Active
2146,C01146,2022-06-09,38174,24,11.24,Closed
2147,C01147,2021-07-31,46974,24,21.2,Active
2148,C01148,2021-01-25,9431,36,8.6,Active
2149,C01149,2022-08-03,32764,36,14.25,Active
2150,C01150,2022-01-29,26627,36,8.98,Charged_Off
2151,C01151,2021-03-08,44310,48,18.21,Active
2152,C01152,2021-08-21,13906,36,16.52,Active
2153,C01153,2021-04-19,41914,12,17.89,Active
2154,C01154,2021-05-26,49814,12,13.24,Active
2155,C01155,2021-04-21,18076,36,13.17,Active
2156,C01156,2021-08-16,42650,12,8.63,Closed
2157,C01157,2021-04-21,11012,48,12.9,Active
2158,C01158,2022-04-15,12151,12,21.01,Active
2159,C01159,2021-02-03,33211,48,13.31,Closed
2160,C01160,2022-09-15,32117,24,19.64,Active
2161,C01161,2023-02-15,41378,24,19.79,Active
2162,C01162,2022-01-04,47652,24,13.23,Active
2163,C01163,2023-01-18,11894,24,16.85,Closed
2164,C01164,2022-08-18,18467,12,9.34,Active
2165,C01165,2022-07-08,36010,36,9.45,Active
2166,C01166,2022-03-01,47641,12,8.68,Active
2167,C01167,2022-09-05,17289,48,16.13,Closed
2168,C01168,2022-06-02,49976,12,13.96,Active
2169,C01169,2022-11-23,48596,12,15.67,Closed
2170,C01170,2021-10-09,28171,48,15.3,Closed
2171,C01171,2021-11-16,39905,24,12.9,Closed
2172,C01172,2023-01-08,25829,24,17.48,Active
2173,C01173,2022-03-19,39054,24,18.62,Active
2174,C01174,2021-11-11,49139,36,8.2,Active
2175,C01175,2023-05-27,34734,48,10.9,Active
2176,C01176,2023-01-11,12052,48,17.99,Active
2177,C01177,2022-01-12,8654,12,13.41,Closed
2178,C01178,2021-10-16,28486,36,17.27,Active
2179,C01179,2022-03-13,23743,24,12.86,Active
2180,C01180,2022-10-24,29489,36,13.47,Closed
2181,C01181,2021-10-04,13636,48,10.22,Closed
2182,C01182,2022-12-11,11441,48,11.62,Active
2183,C01183,2022-08-05,29611,12,16.48,Closed
2184,C01184,2022-05-18,47435,12,14.06,Active
2185,C01185,2022-09-16,17149,48,18.84,Closed
2186,C01186,2022-05-31,39566,24,19.94,Closed
2187,C01187,2021-12-16,47368,24,15.58,Closed
2188,C01188,2023-04-23,26675,36,18.62,Closed
2189,C01189,2022-03-22,10495,48,12.3,Active
2190,C01190,2023-04-10,47668,48,13.81,Active
2191,C01191,2021-12-16,18673,24,17.98,Closed
2192,C01192,2022-08-30,16130,24,13.41,Active
2193,C01193,2022-10-26,27668,48,16.24,Closed
2194,C01194,2023-04-03,20222,12,10.6,Active
2195,C01195,2021-05-17,28669,48,16.4,Active
2196,C01196,2023-01-29,39068,48,20.06,Active
2197,C01197,2023-06-18,28253,24,20.16,Active
2198,C01198,2021-08-31,14435,24,18.14,Closed
2199,C01199,2022-06-27,33552,12,18.44,Closed
2200,C01200,2021-02-09,42384,12,15.81,Closed
